{"cameraMode":{"drawMode":0,"name":"Shaded","section":"Shading Mode"},"sceneLighting":false,"audioPlay":false,"sceneViewState":{"m_AlwaysRefresh":false,"showFog":true,"showSkybox":false,"showFlares":true,"showImageEffects":true,"showParticleSystems":true,"showVisualEffectGraphs":true,"m_FxEnabled":true},"in2DMode":false,"pivot":{"x":3.707594871520996,"y":3.3969192504882814,"z":2.9157981872558595},"rotation":{"x":0.31381189823150637,"y":-0.00740434043109417,"z":0.002454348374158144,"w":0.9495014548301697},"size":28.354930877685548,"orthographic":false}