{"cameraMode":{"drawMode":0,"name":"Shaded","section":"Shading Mode"},"sceneLighting":true,"audioPlay":false,"sceneViewState":{"m_AlwaysRefresh":false,"showFog":true,"showSkybox":true,"showFlares":true,"showImageEffects":true,"showParticleSystems":true,"showVisualEffectGraphs":true,"m_FxEnabled":true},"in2DMode":false,"pivot":{"x":167.60244750976563,"y":86.46112060546875,"z":-209.28390502929688},"rotation":{"x":0.18951666355133058,"y":-0.22972290217876435,"z":-0.045666858553886417,"w":-0.9535728693008423},"size":82.71453857421875,"orthographic":false}