{"cameraMode":{"drawMode":0,"name":"Shaded","section":"Shading Mode"},"sceneLighting":true,"audioPlay":false,"sceneViewState":{"m_AlwaysRefresh":false,"showFog":true,"showSkybox":true,"showFlares":true,"showImageEffects":true,"showParticleSystems":true,"showVisualEffectGraphs":true,"m_FxEnabled":true},"in2DMode":false,"pivot":{"x":361.4913635253906,"y":177.51702880859376,"z":4.225829601287842},"rotation":{"x":-0.0987391248345375,"y":0.16048692166805268,"z":-0.016118429601192476,"w":-0.9819909334182739},"size":170.83206176757813,"orthographic":false}