{"cameraMode":{"drawMode":0,"name":"Shaded","section":"Shading Mode"},"sceneLighting":true,"audioPlay":false,"sceneViewState":{"m_AlwaysRefresh":false,"showFog":true,"showSkybox":true,"showFlares":true,"showImageEffects":true,"showParticleSystems":true,"showVisualEffectGraphs":true,"m_FxEnabled":true},"in2DMode":false,"pivot":{"x":13.910531997680664,"y":2.383596181869507,"z":10.753193855285645},"rotation":{"x":-0.18972042202949525,"y":-0.35722848773002627,"z":0.07437540590763092,"w":-0.9115455150604248},"size":20.78752326965332,"orthographic":false}