{"cameraMode":{"drawMode":0,"name":"Shaded","section":"Shading Mode"},"sceneLighting":true,"audioPlay":false,"sceneViewState":{"m_AlwaysRefresh":false,"showFog":true,"showSkybox":true,"showFlares":true,"showImageEffects":true,"showParticleSystems":true,"showVisualEffectGraphs":true,"m_FxEnabled":true},"in2DMode":false,"pivot":{"x":0.023880600929260255,"y":1.0739853382110596,"z":0.07979214191436768},"rotation":{"x":-0.05745416507124901,"y":0.8277397751808167,"z":-0.08623707294464112,"w":-0.5514636039733887},"size":3.5961153507232668,"orthographic":false}