{"cameraMode":{"drawMode":0,"name":"Shaded","section":"Shading Mode"},"sceneLighting":false,"audioPlay":false,"sceneViewState":{"m_AlwaysRefresh":false,"showFog":true,"showSkybox":false,"showFlares":true,"showImageEffects":true,"showParticleSystems":true,"showVisualEffectGraphs":true,"m_FxEnabled":true},"in2DMode":false,"pivot":{"x":9.33800220489502,"y":-2.2678847312927248,"z":38.659088134765628},"rotation":{"x":0.04146714508533478,"y":0.15700748562812806,"z":-0.006598428823053837,"w":0.9867293834686279},"size":21.675785064697267,"orthographic":false}